{"hook.Open":0.12150605609640489,"hook.Closed":0.5964121931232512,"dunk.Down":0.8374635126441718,"dunk.Up":0.5269086483400313,"dunk.Dunk":0.14355446100234961}